id,WKT,mgo,al2o3,sio2,cao,tio2,feo,potassium,thorium,uranium
0,"POLYGON ((-180.0 -90.0, 180.0 -90.0, 180.0 -80.0, -180.0 -80.0, -180.0 -90.0))",7.612500,27.394000,44.900000,16.137000,0.125620,5.181500,427.1800,0.7941,0.2158
1,"POLYGON ((-180.0 -80.0, -135.0 -80.0, -135.0 -60.0, -180.0 -60.0, -180.0 -80.0))",8.836300,22.232000,45.014000,15.223000,0.455280,8.216000,805.5000,1.8242,0.4970
2,"POLYGON ((-135.0 -80.0, -90.0 -80.0, -90.0 -60.0, -135.0 -60.0, -135.0 -80.0))",7.399600,25.775000,44.824000,15.550000,0.135150,5.536600,443.7600,1.0176,0.2768
3,"POLYGON ((-90.0 -80.0, -45.0 -80.0, -45.0 -60.0, -90.0 -60.0, -90.0 -80.0))",6.350300,27.253000,45.109000,15.816000,0.248230,4.495300,252.5300,0.4821,0.1306
4,"POLYGON ((-45.0 -80.0, 0.0 -80.0, 0.0 -60.0, -45.0 -60.0, -45.0 -80.0))",6.606000,28.220000,44.403000,16.435000,0.133580,4.484000,240.7900,0.5563,0.1509
5,"POLYGON ((0.0 -80.0, 45.0 -80.0, 45.0 -60.0, 0.0 -60.0, 0.0 -80.0))",6.824300,27.855000,43.880000,15.960000,0.203950,4.324200,229.6500,0.4555,0.1234
6,"POLYGON ((45.0 -80.0, 90.0 -80.0, 90.0 -60.0, 45.0 -60.0, 45.0 -80.0))",6.985800,26.802000,44.436000,15.854000,0.320790,4.880300,233.0000,0.6102,0.1656
7,"POLYGON ((90.0 -80.0, 135.0 -80.0, 135.0 -60.0, 90.0 -60.0, 90.0 -80.0))",7.485500,27.428000,45.074000,15.871000,0.219930,5.262500,337.9600,0.6663,0.1809
8,"POLYGON ((135.0 -80.0, 180.0 -80.0, 180.0 -60.0, 135.0 -60.0, 135.0 -80.0))",8.536200,25.610000,45.343000,16.307000,0.145800,6.561400,661.4500,1.5306,0.4169
9,"POLYGON ((-180.0 -60.0, -150.0 -60.0, -150.0 -40.0, -180.0 -40.0, -180.0 -60.0))",8.160700,19.624000,46.531000,14.717000,0.807580,9.843400,691.3300,1.4921,0.4063
10,"POLYGON ((-150.0 -60.0, -120.0 -60.0, -120.0 -40.0, -150.0 -40.0, -150.0 -60.0))",6.662100,23.519000,46.249000,15.315000,0.354270,6.334700,515.0200,1.0658,0.2900
11,"POLYGON ((-120.0 -60.0, -90.0 -60.0, -90.0 -40.0, -120.0 -40.0, -120.0 -60.0))",4.577900,26.634000,46.060000,16.202000,0.378830,4.635600,189.5900,0.2174,0.0583
12,"POLYGON ((-90.0 -60.0, -60.0 -60.0, -60.0 -40.0, -90.0 -40.0, -90.0 -60.0))",5.487900,26.933000,45.522000,15.531000,0.490030,5.107800,75.4110,0.1323,0.0351
13,"POLYGON ((-60.0 -60.0, -30.0 -60.0, -30.0 -40.0, -60.0 -40.0, -60.0 -60.0))",6.611300,25.880000,44.726000,16.236000,0.608480,6.518500,290.4800,0.5301,0.1437
14,"POLYGON ((-30.0 -60.0, 0.0 -60.0, 0.0 -40.0, -30.0 -40.0, -30.0 -60.0))",6.847300,27.338000,44.317000,16.539000,0.384990,4.590000,289.8300,0.6327,0.1717
15,"POLYGON ((0.0 -60.0, 30.0 -60.0, 30.0 -40.0, 0.0 -40.0, 0.0 -60.0))",7.116200,25.362000,44.813000,16.172000,0.529770,5.210100,297.8400,0.6666,0.1810
16,"POLYGON ((30.0 -60.0, 60.0 -60.0, 60.0 -40.0, 30.0 -40.0, 30.0 -60.0))",6.491900,28.162000,44.317000,15.887000,0.305150,4.926800,232.0100,0.4234,0.1146
17,"POLYGON ((60.0 -60.0, 90.0 -60.0, 90.0 -40.0, 60.0 -40.0, 60.0 -60.0))",7.201600,24.561000,44.574000,15.733000,0.640140,6.809100,200.0900,0.3733,0.1009
18,"POLYGON ((90.0 -60.0, 120.0 -60.0, 120.0 -40.0, 90.0 -40.0, 90.0 -60.0))",5.775200,26.625000,45.025000,15.362000,0.627960,6.293700,291.4800,0.4829,0.1308
19,"POLYGON ((120.0 -60.0, 150.0 -60.0, 150.0 -40.0, 120.0 -40.0, 120.0 -60.0))",6.406000,26.782000,45.091000,16.852000,0.286620,5.260900,429.0100,0.8288,0.2253
20,"POLYGON ((150.0 -60.0, 180.0 -60.0, 180.0 -40.0, 150.0 -40.0, 150.0 -60.0))",8.533400,22.523000,45.428000,15.373000,0.599370,8.359000,968.8200,2.2421,0.6111
21,"POLYGON ((-180.0 -40.0, -157.5 -40.0, -157.5 -20.0, -180.0 -20.0, -180.0 -40.0))",7.755900,21.394000,45.943000,15.716000,0.589190,8.212600,844.7600,1.8535,0.5050
22,"POLYGON ((-157.5 -40.0, -135.0 -40.0, -135.0 -20.0, -157.5 -20.0, -157.5 -40.0))",7.061600,22.556000,46.415000,16.387000,0.343930,6.272600,438.0500,0.8351,0.2270
23,"POLYGON ((-135.0 -40.0, -112.5 -40.0, -112.5 -20.0, -135.0 -20.0, -135.0 -40.0))",4.285600,27.147000,45.209000,16.614000,0.300270,4.161000,236.5600,0.3777,0.1021
24,"POLYGON ((-112.5 -40.0, -90.0 -40.0, -90.0 -20.0, -112.5 -20.0, -112.5 -40.0))",4.608500,26.570000,44.901000,17.159000,0.408620,4.589700,239.2600,0.2882,0.0777
25,"POLYGON ((-90.0 -40.0, -67.5 -40.0, -67.5 -20.0, -90.0 -20.0, -90.0 -40.0))",5.300400,26.809000,45.442000,15.274000,0.489450,4.723100,164.5600,0.2678,0.0721
26,"POLYGON ((-67.5 -40.0, -45.0 -40.0, -45.0 -20.0, -67.5 -20.0, -67.5 -40.0))",6.927100,24.498000,44.407000,16.666000,0.617410,6.366500,589.9900,1.3368,0.3640
27,"POLYGON ((-45.0 -40.0, -22.5 -40.0, -22.5 -20.0, -45.0 -20.0, -45.0 -40.0))",8.543600,20.804000,42.906000,17.108000,1.835400,10.021000,1111.0000,2.1750,0.5928
28,"POLYGON ((-22.5 -40.0, 0.0 -40.0, 0.0 -20.0, -22.5 -20.0, -22.5 -40.0))",8.827600,23.026000,42.453000,16.980000,1.403800,8.218700,1307.5000,2.7701,0.7552
29,"POLYGON ((0.0 -40.0, 22.5 -40.0, 22.5 -20.0, 0.0 -20.0, 0.0 -40.0))",9.022700,23.566000,44.212000,16.641000,0.487660,5.984500,652.3900,1.5150,0.4126
30,"POLYGON ((22.5 -40.0, 45.0 -40.0, 45.0 -20.0, 22.5 -20.0, 22.5 -40.0))",8.046800,24.504000,45.609000,16.375000,0.490960,6.014400,459.6000,1.1228,0.3055
31,"POLYGON ((45.0 -40.0, 67.5 -40.0, 67.5 -20.0, 45.0 -20.0, 45.0 -40.0))",8.195500,24.288000,45.114000,15.813000,0.353270,6.095300,280.9000,0.5477,0.1485
32,"POLYGON ((67.5 -40.0, 90.0 -40.0, 90.0 -20.0, 67.5 -20.0, 67.5 -40.0))",8.752300,22.735000,45.049000,16.081000,0.444740,6.200800,331.5500,0.6633,0.1801
33,"POLYGON ((90.0 -40.0, 112.5 -40.0, 112.5 -20.0, 90.0 -20.0, 90.0 -40.0))",8.508600,24.162000,45.454000,15.359000,0.531730,6.699200,355.6400,0.5903,0.1602
34,"POLYGON ((112.5 -40.0, 135.0 -40.0, 135.0 -20.0, 112.5 -20.0, 112.5 -40.0))",6.329800,25.391000,45.343000,16.279000,0.426000,5.536000,300.1500,0.4943,0.1339
35,"POLYGON ((135.0 -40.0, 157.5 -40.0, 157.5 -20.0, 135.0 -20.0, 135.0 -40.0))",7.252200,24.577000,45.726000,16.264000,0.285050,5.332000,460.6900,0.9054,0.2462
36,"POLYGON ((157.5 -40.0, 180.0 -40.0, 180.0 -20.0, 157.5 -20.0, 157.5 -40.0))",8.524500,20.795000,46.371000,15.785000,0.534190,8.129000,981.4800,2.2842,0.6226
37,"POLYGON ((-180.0 -20.0, -162.0 -20.0, -162.0 0.0, -180.0 0.0, -180.0 -20.0))",5.474100,26.713000,45.036000,16.171000,0.271660,4.563000,355.3800,0.7161,0.1945
38,"POLYGON ((-162.0 -20.0, -144.0 -20.0, -144.0 0.0, -162.0 0.0, -162.0 -20.0))",5.178700,26.565000,44.713000,16.232000,0.284070,4.456700,290.3600,0.4767,0.1291
39,"POLYGON ((-144.0 -20.0, -126.0 -20.0, -126.0 0.0, -144.0 0.0, -144.0 -20.0))",4.941500,27.705000,44.306000,15.902000,0.205440,4.255100,227.0700,0.4455,0.1206
40,"POLYGON ((-126.0 -20.0, -108.0 -20.0, -108.0 0.0, -126.0 0.0, -126.0 -20.0))",4.093100,27.407000,43.808000,16.804000,0.363740,4.312800,241.8700,0.4167,0.1128
41,"POLYGON ((-108.0 -20.0, -90.0 -20.0, -90.0 0.0, -108.0 0.0, -108.0 -20.0))",4.325300,26.254000,45.227000,16.073000,0.430230,4.619600,270.5000,0.3766,0.1018
42,"POLYGON ((-90.0 -20.0, -72.0 -20.0, -72.0 0.0, -90.0 0.0, -90.0 -20.0))",4.485300,26.764000,44.739000,15.471000,0.579900,5.162700,377.7400,0.6038,0.1638
43,"POLYGON ((-72.0 -20.0, -54.0 -20.0, -54.0 0.0, -72.0 0.0, -72.0 -20.0))",7.935900,22.013000,43.224000,16.264000,1.135000,8.905900,1099.6000,2.5646,0.6991
44,"POLYGON ((-54.0 -20.0, -36.0 -20.0, -36.0 0.0, -54.0 0.0, -54.0 -20.0))",8.955800,14.046000,39.585000,15.824000,3.218600,16.934000,1780.5000,4.3484,1.1861
45,"POLYGON ((-36.0 -20.0, -18.0 -20.0, -18.0 0.0, -36.0 0.0, -36.0 -20.0))",10.058000,14.465000,38.520000,15.106000,3.564600,18.306000,2516.0000,6.2126,1.6950
46,"POLYGON ((-18.0 -20.0, 0.0 -20.0, 0.0 0.0, -18.0 0.0, -18.0 -20.0))",10.713000,19.419000,39.703000,17.658000,2.097900,12.723000,2859.1000,7.6855,2.0971
47,"POLYGON ((0.0 -20.0, 18.0 -20.0, 18.0 0.0, 0.0 0.0, 0.0 -20.0))",9.522600,24.104000,42.821000,17.389000,0.678130,6.685700,1329.6000,3.2107,0.8755
48,"POLYGON ((18.0 -20.0, 36.0 -20.0, 36.0 0.0, 18.0 0.0, 18.0 -20.0))",9.503700,22.126000,42.433000,14.942000,1.483700,8.314800,588.3000,1.3935,0.3794
49,"POLYGON ((36.0 -20.0, 54.0 -20.0, 54.0 0.0, 36.0 0.0, 36.0 -20.0))",10.254000,18.338000,42.725000,14.485000,1.576900,11.485000,618.7300,1.2828,0.3492
50,"POLYGON ((54.0 -20.0, 72.0 -20.0, 72.0 0.0, 54.0 0.0, 54.0 -20.0))",10.425000,20.190000,43.668000,15.174000,0.811080,9.239900,627.0900,1.3804,0.3758
51,"POLYGON ((72.0 -20.0, 90.0 -20.0, 90.0 0.0, 72.0 0.0, 72.0 -20.0))",8.987000,23.174000,44.868000,15.436000,0.494460,6.911600,481.2100,0.9738,0.2649
52,"POLYGON ((90.0 -20.0, 108.0 -20.0, 108.0 0.0, 90.0 0.0, 90.0 -20.0))",7.394000,25.167000,44.786000,15.543000,0.396770,5.714700,334.6000,0.6580,0.1786
53,"POLYGON ((108.0 -20.0, 126.0 -20.0, 126.0 0.0, 108.0 0.0, 108.0 -20.0))",7.029400,24.637000,44.728000,16.308000,0.403730,6.149700,274.2600,0.4815,0.1305
54,"POLYGON ((126.0 -20.0, 144.0 -20.0, 144.0 0.0, 126.0 0.0, 126.0 -20.0))",7.027200,25.471000,45.160000,15.874000,0.259280,4.921600,263.1900,0.5357,0.1452
55,"POLYGON ((144.0 -20.0, 162.0 -20.0, 162.0 0.0, 144.0 0.0, 144.0 -20.0))",5.723900,26.172000,45.585000,17.241000,0.247060,4.800700,526.7000,0.9436,0.2566
56,"POLYGON ((162.0 -20.0, 180.0 -20.0, 180.0 0.0, 162.0 0.0, 162.0 -20.0))",5.253700,27.320000,45.530000,17.458000,0.196480,4.634900,538.0900,1.0127,0.2755
57,"POLYGON ((-180.0 0.0, -162.0 0.0, -162.0 20.0, -180.0 20.0, -180.0 0.0))",4.816800,27.437000,44.810000,16.255000,0.237600,4.323300,218.7600,0.4494,0.1217
58,"POLYGON ((-162.0 0.0, -144.0 0.0, -144.0 20.0, -162.0 20.0, -162.0 0.0))",5.320900,26.880000,44.789000,16.290000,0.252230,4.486200,231.3000,0.4323,0.1170
59,"POLYGON ((-144.0 0.0, -126.0 0.0, -126.0 20.0, -144.0 20.0, -144.0 0.0))",4.177600,27.670000,45.032000,16.189000,0.297690,4.162900,284.5200,0.4885,0.1324
60,"POLYGON ((-126.0 0.0, -108.0 0.0, -108.0 20.0, -126.0 20.0, -126.0 0.0))",4.872800,26.507000,43.810000,16.005000,0.261120,4.340800,293.9900,0.5554,0.1506
61,"POLYGON ((-108.0 0.0, -90.0 0.0, -90.0 20.0, -108.0 20.0, -108.0 0.0))",5.041500,27.132000,43.928000,16.042000,0.326420,4.642800,393.1700,0.8714,0.2369
62,"POLYGON ((-90.0 0.0, -72.0 0.0, -72.0 20.0, -90.0 20.0, -90.0 0.0))",7.085200,22.890000,43.316000,15.664000,0.655420,6.694600,815.0100,1.8398,0.5013
63,"POLYGON ((-72.0 0.0, -54.0 0.0, -54.0 20.0, -72.0 20.0, -72.0 0.0))",9.931300,12.331000,39.444000,13.570000,3.241200,17.585000,1283.8000,3.1656,0.8632
64,"POLYGON ((-54.0 0.0, -36.0 0.0, -36.0 20.0, -54.0 20.0, -54.0 0.0))",8.787800,7.997400,36.226000,11.976000,5.518300,22.521000,2154.8000,5.7202,1.5606
65,"POLYGON ((-36.0 0.0, -18.0 0.0, -18.0 20.0, -36.0 20.0, -36.0 0.0))",9.932900,15.538000,36.254000,16.193000,3.560300,17.213000,3271.4000,9.2240,2.5172
66,"POLYGON ((-18.0 0.0, 0.0 0.0, 0.0 20.0, -18.0 20.0, -18.0 0.0))",9.713300,15.634000,39.094000,15.856000,3.404600,15.970000,2801.2000,7.5936,2.0721
67,"POLYGON ((0.0 0.0, 18.0 0.0, 18.0 20.0, 0.0 20.0, 0.0 0.0))",9.989500,18.115000,39.535000,15.196000,2.884400,12.171000,1577.4000,4.0601,1.1074
68,"POLYGON ((18.0 0.0, 36.0 0.0, 36.0 20.0, 18.0 20.0, 18.0 0.0))",9.437700,10.433000,38.582000,11.780000,5.872800,17.071000,825.9800,1.6835,0.4586
69,"POLYGON ((36.0 0.0, 54.0 0.0, 54.0 20.0, 36.0 20.0, 36.0 0.0))",10.633000,16.715000,41.060000,13.841000,2.008900,11.528000,655.5900,1.3813,0.3761
70,"POLYGON ((54.0 0.0, 72.0 0.0, 72.0 20.0, 54.0 20.0, 54.0 0.0))",9.460400,19.858000,42.031000,14.468000,1.068600,10.653000,497.1800,0.9212,0.2505
71,"POLYGON ((72.0 0.0, 90.0 0.0, 90.0 20.0, 72.0 20.0, 72.0 0.0))",8.664500,20.500000,43.761000,15.223000,0.859600,8.462600,482.4600,1.0381,0.2824
72,"POLYGON ((90.0 0.0, 108.0 0.0, 108.0 20.0, 90.0 20.0, 90.0 0.0))",8.381200,23.851000,43.802000,14.871000,0.718980,7.065500,398.4800,0.8359,0.2272
73,"POLYGON ((108.0 0.0, 126.0 0.0, 126.0 20.0, 108.0 20.0, 108.0 0.0))",7.265100,25.782000,43.274000,15.611000,0.470220,6.178700,287.2100,0.5526,0.1499
74,"POLYGON ((126.0 0.0, 144.0 0.0, 144.0 20.0, 126.0 20.0, 126.0 0.0))",6.138200,26.680000,44.027000,16.456000,0.286420,4.641800,276.2300,0.5517,0.1496
75,"POLYGON ((144.0 0.0, 162.0 0.0, 162.0 20.0, 144.0 20.0, 144.0 0.0))",6.897600,27.532000,44.143000,17.147000,0.131300,4.455600,353.6400,0.8446,0.2296
76,"POLYGON ((162.0 0.0, 180.0 0.0, 180.0 20.0, 162.0 20.0, 162.0 0.0))",5.357100,28.090000,44.987000,17.614000,0.227130,3.922000,292.9200,0.6666,0.1810
77,"POLYGON ((-180.0 20.0, -157.5 20.0, -157.5 40.0, -180.0 40.0, -180.0 20.0))",5.439300,28.526000,44.683000,16.156000,0.229040,4.221100,237.5600,0.4056,0.1097
78,"POLYGON ((-157.5 20.0, -135.0 20.0, -135.0 40.0, -157.5 40.0, -157.5 20.0))",5.157400,28.315000,44.056000,16.795000,0.241370,4.509900,276.1000,0.4691,0.1271
79,"POLYGON ((-135.0 20.0, -112.5 20.0, -112.5 40.0, -135.0 40.0, -135.0 20.0))",5.561600,27.285000,44.971000,16.849000,0.286700,4.741500,320.3700,0.6821,0.1852
80,"POLYGON ((-112.5 20.0, -90.0 20.0, -90.0 40.0, -112.5 40.0, -112.5 20.0))",5.860200,26.800000,44.327000,17.062000,0.396400,5.375900,544.3100,1.1836,0.3221
81,"POLYGON ((-90.0 20.0, -67.5 20.0, -67.5 40.0, -90.0 40.0, -90.0 20.0))",9.001600,18.917000,41.124000,15.088000,1.629000,11.815000,1367.2000,3.3805,0.9219
82,"POLYGON ((-67.5 20.0, -45.0 20.0, -45.0 40.0, -67.5 40.0, -67.5 20.0))",8.637200,8.316000,37.292000,12.337000,5.043800,22.609000,2048.3000,5.2519,1.4328
83,"POLYGON ((-45.0 20.0, -22.5 20.0, -22.5 40.0, -45.0 40.0, -45.0 20.0))",8.640100,8.025100,36.389000,12.747000,4.688500,22.069000,2034.4000,5.5330,1.5095
84,"POLYGON ((-22.5 20.0, 0.0 20.0, 0.0 40.0, -22.5 40.0, -22.5 20.0))",9.684100,11.808000,38.158000,13.859000,3.660700,19.803000,2170.9000,5.8278,1.5900
85,"POLYGON ((0.0 20.0, 22.5 20.0, 22.5 40.0, 0.0 40.0, 0.0 20.0))",10.914000,14.066000,40.549000,14.754000,2.176400,16.227000,1810.7000,4.4987,1.2271
86,"POLYGON ((22.5 20.0, 45.0 20.0, 45.0 40.0, 22.5 40.0, 22.5 20.0))",10.211000,18.649000,42.424000,14.704000,1.530200,11.574000,963.2300,2.1228,0.5785
87,"POLYGON ((45.0 20.0, 67.5 20.0, 67.5 40.0, 45.0 40.0, 45.0 20.0))",10.415000,23.402000,42.726000,15.569000,0.676030,8.021800,617.0400,1.4196,0.3866
88,"POLYGON ((67.5 20.0, 90.0 20.0, 90.0 40.0, 67.5 40.0, 67.5 20.0))",8.873200,24.177000,44.492000,15.119000,0.570470,6.696100,386.8400,0.9916,0.2697
89,"POLYGON ((90.0 20.0, 112.5 20.0, 112.5 40.0, 90.0 40.0, 90.0 20.0))",7.507400,25.161000,43.777000,16.569000,0.511420,7.137400,380.1100,0.7864,0.2137
90,"POLYGON ((112.5 20.0, 135.0 20.0, 135.0 40.0, 112.5 40.0, 112.5 20.0))",6.096000,26.110000,44.894000,16.882000,0.330260,5.463900,367.9400,0.6877,0.1867
91,"POLYGON ((135.0 20.0, 157.5 20.0, 157.5 40.0, 135.0 40.0, 135.0 20.0))",7.164900,25.155000,44.221000,17.424000,0.379780,5.935000,367.7100,0.7652,0.2079
92,"POLYGON ((157.5 20.0, 180.0 20.0, 180.0 40.0, 157.5 40.0, 157.5 20.0))",6.632100,28.344000,43.023000,17.396000,0.317740,4.847400,260.0300,0.6689,0.1816
93,"POLYGON ((-180.0 40.0, -150.0 40.0, -150.0 60.0, -180.0 60.0, -180.0 40.0))",4.820200,27.095000,44.607000,15.889000,0.293310,4.350000,231.9300,0.4150,0.1123
94,"POLYGON ((-150.0 40.0, -120.0 40.0, -120.0 60.0, -150.0 60.0, -150.0 40.0))",4.820700,28.572000,44.465000,16.681000,0.180270,4.213700,325.0800,0.4992,0.1353
95,"POLYGON ((-120.0 40.0, -90.0 40.0, -90.0 60.0, -120.0 60.0, -120.0 40.0))",6.184200,27.745000,43.690000,16.706000,0.238350,4.620200,545.0600,1.1784,0.3207
96,"POLYGON ((-90.0 40.0, -60.0 40.0, -60.0 60.0, -90.0 60.0, -90.0 40.0))",9.104200,21.208000,41.721000,15.351000,1.135600,9.487900,1430.8000,3.5146,0.9585
97,"POLYGON ((-60.0 40.0, -30.0 40.0, -30.0 60.0, -60.0 60.0, -60.0 40.0))",9.587800,16.721000,38.827000,14.862000,2.121600,13.669000,2563.7000,6.6115,1.8039
98,"POLYGON ((-30.0 40.0, 0.0 40.0, 0.0 60.0, -30.0 60.0, -30.0 40.0))",11.000000,15.998000,38.466000,14.628000,2.153800,15.059000,2223.3000,5.6143,1.5317
99,"POLYGON ((0.0 40.0, 30.0 40.0, 30.0 60.0, 0.0 60.0, 0.0 40.0))",10.275000,19.853000,40.758000,15.002000,1.350200,11.570000,1785.3000,4.4447,1.2124
100,"POLYGON ((30.0 40.0, 60.0 40.0, 60.0 60.0, 30.0 60.0, 30.0 40.0))",9.855600,23.289000,42.391000,14.962000,0.720460,8.600400,1085.0000,2.3945,0.6527
101,"POLYGON ((60.0 40.0, 90.0 40.0, 90.0 60.0, 60.0 60.0, 60.0 40.0))",7.150900,26.087000,43.353000,15.645000,0.522730,5.994200,632.0600,1.2019,0.3271
102,"POLYGON ((90.0 40.0, 120.0 40.0, 120.0 60.0, 90.0 60.0, 90.0 40.0))",6.801900,27.452000,43.805000,15.893000,0.325780,4.440100,463.4300,0.8789,0.2389
103,"POLYGON ((120.0 40.0, 150.0 40.0, 150.0 60.0, 120.0 60.0, 120.0 40.0))",5.964200,26.727000,43.923000,17.004000,0.242960,4.718200,381.8100,0.6798,0.1846
104,"POLYGON ((150.0 40.0, 180.0 40.0, 180.0 60.0, 150.0 60.0, 150.0 40.0))",5.334700,27.821000,43.551000,16.999000,0.244270,4.745100,339.4500,0.5205,0.1411
105,"POLYGON ((-180.0 60.0, -135.0 60.0, -135.0 80.0, -180.0 80.0, -180.0 60.0))",5.593600,26.351000,44.684000,15.676000,0.291820,4.492200,210.9400,0.3946,0.1067
106,"POLYGON ((-135.0 60.0, -90.0 60.0, -90.0 80.0, -135.0 80.0, -135.0 60.0))",5.611100,26.431000,43.822000,15.659000,0.287680,4.971900,435.4400,0.8201,0.2229
107,"POLYGON ((-90.0 60.0, -45.0 60.0, -45.0 80.0, -90.0 80.0, -90.0 60.0))",7.679300,26.130000,43.226000,15.524000,0.400550,5.320000,1009.0000,2.0797,0.5668
108,"POLYGON ((-45.0 60.0, 0.0 60.0, 0.0 80.0, -45.0 80.0, -45.0 60.0))",8.652200,25.742000,42.814000,16.792000,0.494970,6.338000,1805.1000,4.0166,1.0955
109,"POLYGON ((0.0 60.0, 45.0 60.0, 45.0 80.0, 0.0 80.0, 0.0 60.0))",7.395600,26.873000,44.212000,16.559000,0.453710,5.673500,1463.2000,3.0278,0.8256
110,"POLYGON ((45.0 60.0, 90.0 60.0, 90.0 80.0, 45.0 80.0, 45.0 60.0))",6.265500,28.535000,43.276000,15.303000,0.328230,4.417500,577.8100,1.0901,0.2966
111,"POLYGON ((90.0 60.0, 135.0 60.0, 135.0 80.0, 90.0 80.0, 90.0 60.0))",5.228700,27.233000,44.166000,16.028000,0.288370,4.179800,467.9700,0.9668,0.2629
112,"POLYGON ((135.0 60.0, 180.0 60.0, 180.0 80.0, 135.0 80.0, 135.0 60.0))",4.974700,26.990000,44.662000,16.352000,0.250160,4.432600,256.0500,0.4512,0.1222
113,"POLYGON ((-180.0 80.0, 180.0 80.0, 180.0 90.0, -180.0 90.0, -180.0 80.0))",6.569800,26.777000,43.846000,15.711000,0.271670,4.932700,729.9600,1.2600,0.3430
